product_name,price
Disposable Pillow Cases White Pillow Covers Bulk Pillow Sheets for Hotels Single Use Pillowcase,$0.01
Washable Waterproof Pillow Protector Set Of Zippered Polyester Knitting Fabric Soft Luxury Cushion,$1.90 - $2.90
hot sale creative fashion thermos cup new arrival custom logo stainless steel cup high temperature resistance vacuum cup,$0.07 - $0.25
40oz Tumbler with Handle and Straw Lid coffee Insulated Cup Reusable Stainless Steel Water Bottle Travel Mug Cupholder Friendly,$0.99 - $1.90
Professional Manufacture Kitchen Tools Silicone Kitchen Accessories Cooking Utensils Set Customized Logo Sustainable 3000pcs,$0.55
Custom printed embroidery logo silk eye mask and scrunchie silk pillow case 100% pure mulberry silk pillowcase set,$3.99 - $21.49
Fancy 50x50 Custom Printed Christmas Deer Printing Square Sublimation Cushion Cover For Sofa,$2.50 - $3.00
Custom 30oz 40oz outdoor mugs tumbler wholesale bulk 40oz tumbler with handle straw insulated stainless steel coffee mug,$2.42 - $3.35
Scalable Rotating Mobile Phone Holder Tablet Stand Desk 360 Rotate for Desktop Live Streaming Overhead Shoot Video Round Base,$0.09 - $0.25
Bear Hammer Pattern Glass Mug Beautiful And Durable With Spoon Coffee Milk Water,$0.26 - $0.29
Cushion Cases Christmas Peach Velvet Home Decor Pillowcase Red Square Pillow,$0.69 - $0.99
Luxury Jacquard Pillow Cover Decorative 18*18 inches Luxury Pillowcase Throw Pillow Covers Home Decor Cushion Cover,$2.51 - $5.62
Wannuo Modern Style Bathroom Wall-mounted Two-layer Space Rectangular Plastic Tissue Storage Box Tissue Box,US$0.99
30oz 40oz 50oz Stainless Steel Tumbler Travel Tumbler Vacuum Insulated Tumbler Cup with Handle Straw Lid,US$1.99 - US$2.99
Customized Cheap Promotion Water Bottle with Company Logo Outdoor Sport Aluminium Or Stainless Steel Water Bottle for Promotion,US$0.36 - US$0.86
Kids Water Sippy Cup Creative Cartoon Baby Feeding Cups with Straws Leakproof Water Bottles Outdoor Portable Children's Cup,US$0.64 - US$0.98
Handle Design Big Fabric Foldable Clothes Quilt Storage Bag Organizer Large Capacity Wardrobe Organizer Box,US$0.84 - US$1.16
Everich ODM Design Double wall Insulated Stainless Steel 40oz Tumbler with Handle Leak-proof Lid and Straw Travel coffee mug,US$0.83 - US$1.17
Hot Sale glass water bottle Crystal Infused Gem Water Bottle Wellness 500ml Glass water bottle wholesale Coloured stone,US$0.07 - US$0.25
New free 30oz 40oz Stainless Steel Vacuum Insulated Tumbler with handle Travel Mug Eco-friendly Upgraded Vacuum Insulated Travel,US$0.99 - US$1.80
380Ml 510Ml Smart Temperature Display Stainless Steel Coffee Cup Double Wall Travel Office Coffee Vacuum Cup With Lid,US$0.50 - US$0.80
Christmas Gift 3pcs Outdoor Travel Coffee Tea thermos Vacuum flask stainless steel water bottle gift set with 2 cup,US$1.44 - US$1.68
Hot selling 510ML Portable Thermos Cup Cute Rabbit Cartoon Glass Water Bottle Food Grade Drinking Drinking Cup With Straw,US$1.19 - US$1.36
stainless steel tumbler mug with straw handle custom 30oz 40oz 50oz vacuum insulated double wall,US$0.90 - US$1.70
